direccion,ciudad
Av. Providencia 1234,Santiago
Av. Libertador Bernardo O'Higgins 3494,Santiago
Av. Las Condes 1234,Las Condes
Psje Los Alerces 567,Viña del Mar
Camino a Melipilla Km 12,Melipilla
San Bernardo,
Melipilla,
Dirección desconocida 9999,Chile
Av. Pdte Kennedy 5678 Dpto 502,Vitacura
Esq. Alameda con San Antonio,Santiago
Villa Frei Block 23,Ñuñoa
Fundo El Peumo Lote 5,Rancagua
Av. 11 de Septiembre 1234,Providencia
P 18 N° 2345,Santiago
José Miguel Carrera 1234,Santiago
losalerces567,Viña del Mar
av providencia 1234 dpto 502,Providencia
Panamericana Norte Km 45,
Los Leones 56,Providencia
Calle 12 #5678,Santiago
Av Apoquindo 4501,Las Condes
Calle Merced 738,Santiago
Av. Vicuña Mackenna 4860,La Florida
Calle Huérfanos 1055,Santiago
Gran Avenida José Miguel Carrera 4605,San Miguel
